,age,sex,trestbps,chol,fbs,thalach,exang,oldpeak,ca,num
count,303.0,303.0,303.0,303.0,303.0,303.0,303.0,303.0,303.0,303.0
mean,1.5242665948649013e-16,0.5115511551155115,3.5761639341061147e-16,1.1725127652806934e-17,0.4884488448844885,2.286399892297352e-16,0.48514851485148514,-1.846707605317092e-16,2.01980198019802,2.3597359735973598
std,1.0016542608495935,0.500693462676059,1.0016542608495935,1.0016542608495935,0.500693462676059,1.0016542608495935,0.5006061501873533,1.0016542608495935,1.39995410061799,1.038638912705654
min,-1.787352399436428,0.0,-1.8670326835410265,-1.6971052056749043,0.0,-1.6972639378744838,0.0,-1.71247091167455,0.0,0.0
25%,-0.7953302631281159,0.0,-0.7684356257686068,-0.8194943563576016,0.0,-0.8265879807730034,0.0,-0.9231059576056668,1.0,2.0
50%,-0.0322363121217221,1.0,-0.002746767321162803,-0.07031436303795287,0.0,-0.10517075917463402,0.0,-0.10259606854183333,2.0,2.0
75%,0.845321731535631,1.0,0.8128783210250276,0.8857820093890274,1.0,0.8898874775127721,1.0,0.9526604434036796,3.0,3.0
max,1.7991891702936234,1.0,1.7616666891012083,1.7205825733737787,1.0,1.7605634346142525,1.0,1.6731843138130305,4.0,4.0
