,missing_count,missing_percent
LB,21,0.9877704609595485
AC,20,0.940733772342427
FM,0,0.0
UC,0,0.0
DL,0,0.0
DS,21,0.9877704609595485
DP,21,0.9877704609595485
ASTV,0,0.0
MSTV,0,0.0
ALTV,0,0.0
MLTV,21,0.9877704609595485
Width,21,0.9877704609595485
Tendency,21,0.9877704609595485
NSP,21,0.9877704609595485
