{
    "test_loss": 0.1618625670671463,
    "test_accuracy": 0.9462500214576721,
    "classification_report": {
        "0": {
            "precision": 0.967948717948718,
            "recall": 0.949685534591195,
            "f1-score": 0.9587301587301588,
            "support": 159.0
        },
        "1": {
            "precision": 0.9664429530201343,
            "recall": 0.9536423841059603,
            "f1-score": 0.96,
            "support": 151.0
        },
        "2": {
            "precision": 0.9447852760736196,
            "recall": 0.9565217391304348,
            "f1-score": 0.9506172839506173,
            "support": 161.0
        },
        "3": {
            "precision": 0.9285714285714286,
            "recall": 0.910828025477707,
            "f1-score": 0.9196141479099679,
            "support": 157.0
        },
        "4": {
            "precision": 0.9,
            "recall": 0.9290322580645162,
            "f1-score": 0.9142857142857143,
            "support": 155.0
        },
        "5": {
            "precision": 0.9483870967741935,
            "recall": 0.9865771812080537,
            "f1-score": 0.9671052631578947,
            "support": 149.0
        },
        "6": {
            "precision": 0.9119496855345912,
            "recall": 0.9477124183006536,
            "f1-score": 0.9294871794871795,
            "support": 153.0
        },
        "7": {
            "precision": 0.9746835443037974,
            "recall": 0.9746835443037974,
            "f1-score": 0.9746835443037974,
            "support": 158.0
        },
        "8": {
            "precision": 0.9271523178807947,
            "recall": 0.9395973154362416,
            "f1-score": 0.9333333333333333,
            "support": 149.0
        },
        "9": {
            "precision": 0.9390243902439024,
            "recall": 0.9746835443037974,
            "f1-score": 0.9565217391304348,
            "support": 158.0
        },
        "10": {
            "precision": 0.9447852760736196,
            "recall": 0.9808917197452229,
            "f1-score": 0.9625,
            "support": 157.0
        },
        "11": {
            "precision": 0.9536423841059603,
            "recall": 0.96,
            "f1-score": 0.9568106312292359,
            "support": 150.0
        },
        "12": {
            "precision": 0.9060402684563759,
            "recall": 0.8881578947368421,
            "f1-score": 0.8970099667774086,
            "support": 152.0
        },
        "13": {
            "precision": 0.8950617283950617,
            "recall": 0.9354838709677419,
            "f1-score": 0.9148264984227129,
            "support": 155.0
        },
        "14": {
            "precision": 0.96,
            "recall": 0.9795918367346939,
            "f1-score": 0.9696969696969697,
            "support": 147.0
        },
        "15": {
            "precision": 0.9104477611940298,
            "recall": 0.8299319727891157,
            "f1-score": 0.8683274021352313,
            "support": 147.0
        },
        "16": {
            "precision": 0.9797297297297297,
            "recall": 0.9666666666666667,
            "f1-score": 0.9731543624161074,
            "support": 150.0
        },
        "17": {
            "precision": 0.9675324675324676,
            "recall": 0.9802631578947368,
            "f1-score": 0.9738562091503268,
            "support": 152.0
        },
        "18": {
            "precision": 0.9673202614379085,
            "recall": 0.9192546583850931,
            "f1-score": 0.9426751592356688,
            "support": 161.0
        },
        "19": {
            "precision": 0.951048951048951,
            "recall": 0.8831168831168831,
            "f1-score": 0.9158249158249159,
            "support": 154.0
        },
        "20": {
            "precision": 0.9866666666666667,
            "recall": 0.9673202614379085,
            "f1-score": 0.976897689768977,
            "support": 153.0
        },
        "21": {
            "precision": 0.9433962264150944,
            "recall": 0.9554140127388535,
            "f1-score": 0.9493670886075949,
            "support": 157.0
        },
        "22": {
            "precision": 0.9440993788819876,
            "recall": 0.9681528662420382,
            "f1-score": 0.9559748427672956,
            "support": 157.0
        },
        "23": {
            "precision": 0.9642857142857143,
            "recall": 0.9938650306748467,
            "f1-score": 0.9788519637462235,
            "support": 163.0
        },
        "24": {
            "precision": 0.9361702127659575,
            "recall": 0.8918918918918919,
            "f1-score": 0.9134948096885813,
            "support": 148.0
        },
        "25": {
            "precision": 0.9862068965517241,
            "recall": 0.9727891156462585,
            "f1-score": 0.9794520547945206,
            "support": 147.0
        },
        "accuracy": 0.94625,
        "macro avg": {
            "precision": 0.9463607436112473,
            "recall": 0.9459906070996595,
            "f1-score": 0.9458884203288795,
            "support": 4000.0
        },
        "weighted avg": {
            "precision": 0.9463985103760173,
            "recall": 0.94625,
            "f1-score": 0.9460391070320341,
            "support": 4000.0
        }
    },