{
    "accuracy": 0.9508196721311475,
    "precision": 0.9743169398907104,
    "recall": 0.9508196721311475,
    "f1": 0.9580013195960005
}